similar_users,similarity
198843,0.4745592
250564,0.47252738
261635,0.47235933
182781,0.46084568
152830,0.45028564
146671,0.44648677
115954,0.44259998
143358,0.44063926
13784,0.43290514
113375,0.42726868
